source_id,kohde,tyyppi,kunta,lisatieto,palvelut,linkki,lipas_type_name,lipas_type_code,lipas_loi_type,omistaja,yllapitaja,sijainti,x_eureffin,y_eureffin,geometry
1,Pysäköintialue,Pysakointi_liikeste,Kaarina,Reitti: Tuorlan esteetön luontopolku,,,,,parking-spot,Muu,Yksityinen / yhdistys,Avaruuspuisto Väisälä,249254.10773236,6706328.87667998,Point (249254.10773236 6706328.87667998)
3,Taukopaikka,Taukopaikka,Lieto,Reitti: Ankka-Nautela luontopolku,,,,,rest-area,,,,251867.143585485,6719839.44475257,Point (251867.14358549 6719839.44475257)
4,Portaat,Portaat,Lieto,Reitti: Vanhalinnan Ystävänpolku,,,,,stairs,,,Vanhalinna,245642.852775033,6713795.08835029,Point (245642.85277503 6713795.08835029)
5,Laavu,Tulipaikka,Lieto,Reitti: Ankka-Nautela luontopolku,,,,,fire-pit,,,Liesan maja,252165.383340254,6719120.08476801,Point (252165.38334025 6719120.08476801)
6,Kota,Tulipaikka,Lieto,Hamppukota ja tulipaikka Reitti: Hämeen Härkätie,,,,,fire-pit,,,Parmaharju,255896.511248687,6718069.0147056,Point (255896.51124869 6718069.0147056)
8,Taukopaikka,Taukopaikka,Lieto,Katettu eväspöytä ja penkit Reitti: Ankka-Nautela luontopolku,,,,,rest-area,,,Poso,252719.153938245,6721241.91135619,Point (252719.15393824 6721241.91135619)
9,Portaat,Portaat,Lieto,"Pitkät, puiset portaat Reitti: Nautelankosken luonnonsuojelualueen polut / Aurajoen melontareitti",,,,,stairs,,,Nautelankoski,251154.85681026,6721921.53129717,Point (251154.85681026 6721921.53129717)
10,Laituri,Vesillelasku,Lieto,Reitti: Aurajoen melontareitti,,,,,boat-ramp,,,Liedon Vanhalinna,246118.685478776,6714696.28847793,Point (246118.68547878 6714696.28847793)
11,Pysäköintialue,Pysakointialue,Lieto,Reitti: Ankka-Nautela luontopolku,,,,,parking-spot,,,Ankka,252819.286340106,6718782.69654153,Point (252819.28634011 6718782.69654153)
12,Pysäköintialue,Pysakointialue,Lieto,Reitti: Ankka-Nautela luontopolku,,,,,parking-spot,,,Pieneläinhautausmaa,251972.218029807,6719507.24923929,Point (251972.21802981 6719507.24923929)
13,Pysäköintialue,Pysakointialue,Lieto,Reitti: Ankka-Nautela luontopolku / Kuuden kunnanosan kierros / Nautelankosken luonnonsuojelualueen polut,,,,,parking-spot,,,Nautelankoski,250850.166890521,6722345.25571612,Point (250850.16689052 6722345.25571612)
14,Pysäköintialue,Pysakointialue,Lieto,Reitti: Littoistenjärven luontopolku / Kuuden kunnanosan kierros,,,,,parking-spot,,,Järvelä,246463.068788112,6711471.34295926,Point (246463.06878811 6711471.34295926)
15,Pysäköintialue,Pysakointialue,Lieto,Reitti: Hämeen Härkätie / Kuuden kunnanosan kierros / Vanhalinnan kulttuuri- ja luontopolut,,,,,parking-spot,,,Liedon Vanhalinna,246313.954171553,6714554.330952,Point (246313.95417155 6714554.330952)
16,Pysäköintialue,Pysakointialue,Lieto,Reitti: Hämeen Härkätie / Kuuden kunnanosan kierros,,,,,parking-spot,,,Liedon kaupungintalo,250326.315011634,6716563.12650024,Point (250326.31501163 6716563.12650024)
19,Tammireittien opastaulu,Opastaulu,Lieto,Reitti: Kuuden kunnanosan kierros,,,,,information-board,,,Verkatehdas,247346.794172588,6710317.16522442,Point (247346.79417259 6710317.16522442)
20,Tammireittien opastaulu,Opastaulu,Lieto,Reitti: Kuuden kunnanosan kierros,,,,,information-board,,,Saukonoja,253280.225887639,6714239.15701292,Point (253280.22588764 6714239.15701292)
21,Tammireittien opastaulu,Opastaulu,Lieto,Reitti: Kuuden kunnanosan kierros,,,,,information-board,,,Ilmaristen matkailutila,246054.098795966,6715792.80227838,Point (246054.09879597 6715792.80227838)
22,Tammireittien opastaulu,Opastaulu,Lieto,Reitti: Kuuden kunnanosan kierros / Littoistenjärven luontopolku,,,,,information-board,,,Järvelä,246468.355126828,6711432.49396767,Point (246468.35512683 6711432.49396767)
23,Tammireittien opastaulu,Opastaulu,Lieto,Reitti: Kuuden kunnanosan kierros / Vanhalinnan kulttuuri- ja luontopolut / Hämeen Härkätie,,,,,information-board,,,Liedon Vanhalinna,246232.595892511,6714481.97587383,Point (246232.59589251 6714481.97587383)
24,Tammireittien opastaulu,Opastaulu,Lieto,Reitti: Ankka-Nautela luontopolku,,,,,information-board,,,Ankan pysäköintialue,252817.076458741,6718785.16380578,Point (252817.07645874 6718785.16380578)
25,Tammireittien opastaulu,Opastaulu,Lieto,Reitti: Ankka-Nautela luontopolku,,,,,information-board,,,Pieneläinhautausmaa,251977.3905882,6719540.25773654,Point (251977.3905882 6719540.25773654)
26,Tammireittien opastaulu,Opastaulu,Lieto,Reitti: Kuuden kunnanosan kierros / Nautelankosken luonnonsuojelualueen polut / Ankka-Nautela luontopolku,,,,,information-board,,,Nautelankoski,250918.988376812,6722345.10811119,Point (250918.98837681 6722345.10811119)
27,Tammireittien opastaulu,Opastaulu,Lieto,Reitti: Kuuden kunnanosan kierros / Hämeen Härkätie,,,,,information-board,,,Yliskulma,257759.294105247,6719860.37850119,Point (257759.29410525 6719860.37850119)
28,Tammireittien opastaulu,Opastaulu,Lieto,Reitti: Kuuden kunnanosan kierros / Hämeen Härkätie,,,,,information-board,,,Liedon keskusta,250231.963842949,6716153.7435395,Point (250231.96384295 6716153.7435395)
29,Littoisten verkatehdas,Nahtavyys,Lieto,Reitti: Kuuden kunnanosan kierros,,,,,building,,,Littoinen,247263.093003273,6710411.65300158,Point (247263.09300327 6710411.65300158)
30,Kuoviluoto,Nahtavyys,Lieto,Reitti: Kuuden kunnanosan kierros,,,,,building,,,Kuoviluoto,246981.613149573,6710687.14514581,Point (246981.61314957 6710687.14514581)
31,Saukonojan vanha koulu,Nahtavyys,Lieto,Reitti: Kuuden kunnanosan kierros,,,,,building,,,Saukonoja,254810.456653047,6715032.5309628,Point (254810.45665305 6715032.5309628)
32,Keppolan aitta,Nahtavyys,Lieto,Reitti: Kuuden kunnanosan kierros,,,,,building,,,Saukonoja,254717.844295744,6715952.11006784,Point (254717.84429574 6715952.11006784)
33,Nautelankosken silta,Silta,Lieto,Reitti: Kuuden kunnanosan kierros / Nautelankosken luonnonsuojelualueen polut / Ankka-Nautela luontopolku,,,,,bridge,,,Nautelankoski,250972.112856247,6722357.21409557,Point (250972.11285625 6722357.21409557)
34,Kurkelantien silta,Silta,Lieto,Reitti: Kuuden kunnanosan kierros,,,,,bridge,,,,250201.299281503,6717944.67061186,Point (250201.2992815 6717944.67061186)
35,Vääntelänkosken silta,Silta,Lieto,Reitti: Kuuden kunnanosan kierros,,,,,bridge,,,Vääntelänkoski,248145.768793364,6715440.19748178,Point (248145.76879336 6715440.19748178)
36,Suomensilta,Silta,Lieto,Reitti: Kuuden kunnanosan kierros,,,,,bridge,,,Yliskulma,257969.019127767,6719737.17942278,Point (257969.01912777 6719737.17942278)
37,Frantsin piiskausmänty,Luonnonnahtavyys,Lieto,Vanha puu Reitti: Hämeen Härkätie / Kuuden kunnanosan kierros,,,,,natural-attraction,,,Yliskulma,257408.601342449,6719927.23079269,Point (257408.60134245 6719927.23079269)
38,Parmaharju,Nahtavyys,Lieto,Reitti: Hämeen Härkätie,,,,,building,,,Parmaharju,255237.813682138,6718197.992348,Point (255237.81368214 6718197.992348)
39,Viinamäen hautausmaa,Nahtavyys,Lieto,Reitti: Hämeen Härkätie,,,,,building,,,Liedon keskusta,250923.186148936,6717091.48545878,Point (250923.18614894 6717091.48545878)
40,Pyhän Pietarin kirkko,Nahtavyys,Lieto,Reitti: Hämeen Härkätie / Kuuden kunnanosan kierros,,,,,building,,,Liedon keskusta,250262.466262103,6716666.41874312,Point (250262.4662621 6716666.41874312)
41,Teilipolun riippusilta,Silta,Lieto,Reitti: Hämeen Härkätie / Kuuden kunnanosan kierros,,,,,bridge,,,Liedon keskusta,250006.440435236,6716170.63050242,Point (250006.44043524 6716170.63050242)
42,Lietniemen silta,Silta,Lieto,Reitti: Hämeen Härkätie / Kuuden kunnanosan kierros,,,,,bridge,,,Sillilä,248283.739340468,6715031.84914394,Point (248283.73934047 6715031.84914394)
43,Henrik Antinpojan hauta,Nahtavyys,Lieto,Reitti: Hämeen Härkätie / Kuuden kunnanosan kierros,,,,,building,,,Loukinainen,247592.13028129,6714778.0823957,Point (247592.13028129 6714778.0823957)
44,Vanhalinnan Linnavuori,Luonnonnahtavyys,Lieto,Muinaislinna Reitti: Vanhalinnan kulttuuri- ja luontopolut,,,,,natural-attraction,,,Vanhalinna,246074.433351976,6714510.88406985,Point (246074.43335198 6714510.88406985)
45,Viikinkivene Helka,Nahtavyys,Lieto,Reitti: Vanhalinnan kulttuuri- ja luontopolut,,,,,building,,,Vanhalinna,246211.851083442,6714596.07149543,Point (246211.85108344 6714596.07149543)
48,Kuoviluodon maihinnousuranta,Rantautuminen,Lieto,Reitti: Littoistenjärven melontareitti,,,Rantautumispaikka,205.0,,Kunta,,Kuoviluoto,247128.83431847,6710614.31714967,Point (247128.83431847 6710614.31714967)
49,,Vesillelasku,Paimio,Reitti: Paimionjoen melontareitti,,,,,boat-ramp,Kunta,Kunta / tekninen toimi,Jokipuisto,262289.501858736,6710151.78280445,Point (262289.50185874 6710151.78280445)
50,,Rantautuminen,Paimio,Reitti: Paimionjoen melontareitti,,,Rantautumispaikka,205.0,,Kunta,Kunta / tekninen toimi,,262289.982757526,6710151.72668158,Point (262289.98275753 6710151.72668158)
51,,Rantautuminen,Paimio,,,,Rantautumispaikka,205.0,,Kunta,,,261233.859752685,6707601.58623433,Point (261233.85975268 6707601.58623433)
52,,Rantautuminen,Paimio,,,,Rantautumispaikka,205.0,,Valtio,Kunta / tekninen toimi,,260780.091809026,6706260.27166146,Point (260780.09180903 6706260.27166146)
53,,Rantautuminen,Paimio,Paimion seurakunnan leirikeskus,,,Rantautumispaikka,205.0,,Muu,Muu,,257956.293572421,6702388.47091624,Point (257956.29357242 6702388.47091624)
54,,Vesillelasku,Paimio,,,,,,boat-ramp,Kunta,,,261242.721873612,6707600.43114087,Point (261242.72187361 6707600.43114087)
55,,Rantautuminen,Paimio,,,,Rantautumispaikka,205.0,,Kunta,Muu,,262660.779321978,6711449.32243474,Point (262660.77932198 6711449.32243474)
56,,Tulipaikka,Paimio,,,,,,fire-pit,Kunta,Muu,,262665.388670825,6711449.14463086,Point (262665.38867082 6711449.14463086)
57,Parantolan polun ja Preitilän reitin lähtöpiste,Opastaulu,Paimio,Parantolan polku on pituudeltaan hieman yli 2 km ja viitoitettu selkein opastein. Polkua ylläpitää Parantolan metsät ry.Polu on osa Preitilän reittiä.,,,,,information-board,Muu,Yksityinen / yhdistys,,265703.591950578,6710597.13340821,Point (265703.59195058 6710597.13340821)
58,,Nahtavyys,Paimio,Parantolan metsän kunniataulu,,,,,historical-structure,Muu,Yksityinen / yhdistys,,265773.456611038,6710569.26875145,Point (265773.45661104 6710569.26875145)
59,Lemmenlampi,Nahtavyys,Sauvo,Lemmenlammella näet Alvar Aallon suunnitteleman pumppaamon ja padon. Itse lampi on nykyisin tyhjä padon vuodettua.,,,,,natural-attraction,Muu,Yksityinen / yhdistys,,265929.334037556,6710369.74501451,Point (265929.33403756 6710369.74501451)
60,Parantolan metsän laavu,Tulipaikka,Paimio,,,,,,fire-pit,Muu,Yksityinen / yhdistys,,266118.536413384,6711027.1440823,Point (266118.53641338 6711027.1440823)
62,,Portaat,Paimio,Myllymäen portaat,,,,,stairs,Kunta,Kunta / tekninen toimi,,266782.928935869,6709663.36001508,Point (266782.92893587 6709663.36001508)
63,Paimion luontopolun lähtöpaikka,Opastaulu,Paimio,,,,,,information-board,Muu,Yksityinen / yhdistys,,267055.142913432,6708589.79920536,Point (267055.14291343 6708589.79920536)
64,Turvemuseo,Nahtavyys,Paimio,,,,,,building,Muu,Yksityinen / yhdistys,,267045.97028868,6708601.03466769,Point (267045.97028868 6708601.03466769)
65,Suolampi,Luonnonnahtavyys,Paimio,,,,,,natural-attraction,Muu,Yksityinen / yhdistys,,267327.411231525,6708950.84813314,Point (267327.41123153 6708950.84813314)
66,Järvessuon silta,Silta,Paimio,,,,,,bridge,Kunta,Kunta / tekninen toimi,,267601.063572731,6709111.72908123,Point (267601.06357273 6709111.72908123)
67,Kuhankuonon näkötorni,Luontotorni,Paimio,,,,Luontotorni,204.0,,Muu,Kunta / tekninen toimi,,268392.340632724,6709304.58561272,Point (268392.34063272 6709304.58561272)
68,Paimion luontopolun kota,Tulipaikka,Paimio,,,,,,fire-pit,Muu,Yksityinen / yhdistys,,268389.882377716,6709270.08499853,Point (268389.88237772 6709270.08499853)
69,Muinaisranta,Nahtavyys,Paimio,,,,,,natural-attraction,Muu,Yksityinen / yhdistys,,268474.672771824,6709242.03183281,Point (268474.67277182 6709242.03183281)
70,Korpelan korsu,Nahtavyys,Paimio,,,,,,historical-structure,Muu,Yksityinen / yhdistys,,267614.022338008,6708524.94910441,Point (267614.02233801 6708524.94910441)
71,Yhteenkasvaneet männyt,Luonnonnahtavyys,Paimio,,,,,,natural-attraction,Muu,Yksityinen / yhdistys,,268039.917645525,6708751.60226634,Point (268039.91764553 6708751.60226634)
72,Paimion luontopolun pysäköintialue,Pysakointialue,Paimio,,,,,,parking-spot,Muu,Yksityinen / yhdistys,,267061.684763996,6708589.32424127,Point (267061.684764 6708589.32424127)
73,Näköala Paimion Parantolalle,Nakoala,Paimio,,,,,,viewpoint,Kunta,Kunta / tekninen toimi,,266814.941547776,6709646.92833471,Point (266814.94154778 6709646.92833471)
74,Hiekkahelmi,Tulipaikka,Paimio,Grilli,,,,,fire-pit,Kunta,Kunta / tekninen toimi,,263007.857059118,6705541.32760014,Point (263007.85705912 6705541.32760014)
75,Hiekkahelmi,Kuivakaymala,Paimio,Kemiallinen käymälä / esteetön käymälä,,,,,dry-toilet,Kunta,Kunta / tekninen toimi,,263005.403022554,6705580.82708583,Point (263005.40302255 6705580.82708583)
76,,Pysakointialue,Paimio,Hiekkahelmen pysäköintialue,,,,,parking-spot,Kunta,Kunta / tekninen toimi,Hiekkahelmi,263007.783834585,6705651.26073984,Point (263007.78383458 6705651.26073984)
77,Hiekkahelmi,Pysakointi_liikeste,Paimio,Hiekkahelmentie 41,,,,,parking-spot,Kunta,Kunta / tekninen toimi,,262976.50976607,6705583.55246246,Point (262976.50976607 6705583.55246246)
78,Askalan vesivoimalaitos,Nahtavyys,Paimio,,,,,,building,Muu,Muu,,263512.93826607,6715364.14315566,Point (263512.93826607 6715364.14315566)
79,Askalan ketoalue ja ketotalo,Nahtavyys,Paimio,,,,,,building,Muu,Yksityinen / yhdistys,,263413.149106842,6715429.46711118,Point (263413.14910684 6715429.46711118)
80,Askalan vesivoimalaitoksen pato,Nahtavyys,Paimio,,,,,,building,Muu,Muu,,263497.20251081,6715666.99257219,Point (263497.20251081 6715666.99257219)
81,Rukkijoen kylämiljöö,Nakoala,Paimio,,,,,,viewpoint,Muu,Muu,,264050.287721765,6715122.43627933,Point (264050.28772176 6715122.43627933)
82,Näkymä Paimionjoelle Isosillalta,Nakoala,Paimio,,,,,,viewpoint,Kunta,Kunta / tekninen toimi,,262347.127609974,6710646.87957185,Point (262347.12760997 6710646.87957185)
83,Isosilta,Silta,Paimio,,,,,,bridge,Kunta,Kunta / tekninen toimi,,262381.338574839,6710644.74130079,Point (262381.33857484 6710644.74130079)
84,Postinkujan idyllinen asuinalue,Nakoala,Paimio,,,,,,viewpoint,Muu,Muu,,262512.482305094,6710423.70700485,Point (262512.48230509 6710423.70700485)
85,Nakolinna,Nakoala,Paimio,Nakolinna on korkealla mäen päällä sijainnut muinaislinna. Mäeltä on hieno näkymä Paimionjokilaaksoon. Mäelle ei ole merkittyä reittiä.,,,,,viewpoint,Muu,Muu,,261437.592830081,6711833.99357832,Point (261437.59283008 6711833.99357832)
86,Jokipuisto,Opastaulu,Paimio,"Jokipuisto, entinen saha, Tammireitit",,,,,information-board,Kunta,Kunta / tekninen toimi,,262362.974380722,6710184.47656161,Point (262362.97438072 6710184.47656161)
87,Kohiseva,Nahtavyys,Paimio,Kohiseva on koski Vähäjoessa. Vanhan myllypadon kivimuuri on nähtävissä.,,,,,natural-attraction,Kunta,Kunta / tekninen toimi,,263563.430255381,6710151.95707652,Point (263563.43025538 6710151.95707652)
88,Vähäjokipolku,Opastaulu,Paimio,,,,,,information-board,Kunta,Kunta / tekninen toimi,,263435.942308635,6710134.32097917,Point (263435.94230863 6710134.32097917)
89,Vähäjokipolku,Pysakointialue,Paimio,,,,,,parking-spot,Kunta,Kunta / tekninen toimi,,263437.747123899,6710131.7816208,Point (263437.7471239 6710131.7816208)
90,Jokipuisto,Pysakointialue,Paimio,,,,,,parking-spot,Kunta,Kunta / tekninen toimi,,262357.672411997,6710162.38445566,Point (262357.672412 6710162.38445566)
91,Näköala Paimionjoelle Juntolassa,Nakoala,Paimio,,,,,,viewpoint,Muu,Muu,,264206.701647541,6719632.31910728,Point (264206.70164754 6719632.31910728)
92,Paimion kotiseutumuseo,Opastaulu,Paimio,,,,,,information-board,Kunta,Kunta / muu,,263096.72849276,6712470.4824152,Point (263096.72849276 6712470.4824152)
93,Muurahaispolku,Opastaulu,Paimio,,,,,,information-board,Kunta,Kunta / tekninen toimi,,263090.086364071,6712488.83398629,Point (263090.08636407 6712488.83398629)
94,Paimion kotiseutumuseo ja kesäteatteri,Nahtavyys,Paimio,,,,,,building,Kunta,Kunta / muu,,263040.709617095,6712541.60552123,Point (263040.7096171 6712541.60552123)
96,Kotiseutumuseo ja Muurahaispolku,Pysakointialue,Paimio,,,,,,parking-spot,Kunta,Kunta / muu,,263065.728116963,6712505.83411144,Point (263065.72811696 6712505.83411144)
97,Ankkalammen maauimala,Pysakointialue,Paimio,,,,,,parking-spot,Kunta,Kunta / tekninen toimi,,263308.610872756,6712185.24333292,Point (263308.61087276 6712185.24333292)
98,Ankkalammen maauimala,Kuivakaymala,Paimio,WC avoinna kesäpäivisin,,,,,dry-toilet,Kunta,Kunta / tekninen toimi,,263367.569563902,6712190.11976974,Point (263367.5695639 6712190.11976974)
99,Jokipuisto,Tulipaikka,Paimio,Jokipuiston huvimaja ja tulentekopaikka,,,,,fire-pit,Kunta,Kunta / tekninen toimi,,262282.32483585,6710126.44988021,Point (262282.32483585 6710126.44988021)
103,Oinilan Jokipolun lähtöpaikka,Opastaulu,Paimio,Oinilan Jokipolku on noin 2 km pitkä opastettu reitti Paimionjoen rantamilla.,,,,,information-board,Muu,Yksityinen / yhdistys,,262864.546248077,6711438.80422133,Point (262864.54624808 6711438.80422133)
104,Oinilan Jokipolku,Pysakointialue,Paimio,,,,,,parking-spot,Kunta,Kunta / tekninen toimi,,262870.90160174,6711437.63377629,Point (262870.90160174 6711437.63377629)
105,Paimion Jokipuisto,Nahtavyys,Paimio,Paimion Jokipuistossa on monenlaista nähtävää,,,,,natural-attraction,Kunta,Kunta / tekninen toimi,,262358.447218613,6710171.89882556,Point (262358.44721861 6710171.89882556)
106,Jokipuistp,Kuivakaymala,Paimio,Jokipuiston WC avoinna toukokuun puolesta välistä syyskuun puoleen väliin aamusta iltaan.,,,,,dry-toilet,Kunta,Kunta / tekninen toimi,,262433.143240197,6710209.3620958,Point (262433.1432402 6710209.3620958)
107,Parantolan metsä,Nahtavyys,Paimio,"Paimion parantolaa ympäröivät upeat metsät on turvattu paikallisen, Parantolan metsät ry toimesta vuonna 2019.",,,,,natural-attraction,Muu,Yksityinen / yhdistys,,265703.823925543,6710600.42824611,Point (265703.82392554 6710600.42824611)
108,,Opastaulu,Paimio,Hiekkahelmen alueen reittien opastaulut,,,,,information-board,Kunta,Kunta / tekninen toimi,Hiekkahelmi,263033.256645692,6705635.77589386,Point (263033.25664569 6705635.77589386)
110,Helmi MTB,Nakoala,Paimio,,,,,,viewpoint,Kunta,Kunta / tekninen toimi,,263747.992114093,6705291.07097326,Point (263747.99211409 6705291.07097326)
111,,Nakoala,Paimio,,,,,,viewpoint,Muu,Kunta / tekninen toimi,,262726.552843465,6703556.46868188,Point (262726.55284347 6703556.46868188)
112,,Nakoala,Paimio,,,,,,viewpoint,Kunta,Kunta / tekninen toimi,,263699.604062322,6705037.21812876,Point (263699.60406232 6705037.21812876)
118,Urheilupuisto,Opastaulu,Paimio,,,,,,information-board,Kunta,Kunta / tekninen toimi,,263225.206246285,6708904.85757081,Point (263225.20624629 6708904.85757081)
119,,Opastaulu,Paimio,,,,,,information-board,Muu,Kunta / tekninen toimi,,264676.030970914,6706512.22478622,Point (264676.03097091 6706512.22478622)
120,Hiihtoputki Finnfoam Paippi,Opastaulu,Paimio,,,,,,information-board,Muu,Kunta / tekninen toimi,,264314.820590709,6706424.70857363,Point (264314.82059071 6706424.70857363)
121,Rekottilan linnavuori,Opastaulu,Paimio,,,,,,information-board,Muu,Yksityinen / yhdistys,,265996.635018578,6706666.23353592,Point (265996.63501858 6706666.23353592)
122,Rekottilan linnavuori,Pysakointialue,Paimio,,,,,,parking-spot,Muu,Muu,,265996.967463925,6706671.69931481,Point (265996.96746393 6706671.69931481)
123,Rekottilan linnavuori,Nahtavyys,Paimio,Rekottilan linnavuorella on nähtävissä muinaislinnan jäänteitä ja hautaröykkiöitä,,,,,historical-structure,Muu,Yksityinen / yhdistys,,265929.43103762,6706647.52146969,Point (265929.43103762 6706647.52146969)
125,Paimion parantola / Paimio sanatorium,Nahtavyys,Paimio,Lisätietoja parantolasta saat parantolan vekrkosivuilta,,https://paimiosanatorium.com/fi/etusivu/,,,building,Säätiö,Yksityinen / säätiö,,265569.866815101,6710800.39350339,Point (265569.8668151 6710800.39350339)
126,"Parantolan metsän, polun ja Preitilän reitin pysäköintialue",Pysakointialue,Paimio,,,,,,parking-spot,Säätiö,Yksityinen / säätiö,,265696.422288982,6710604.3661317,Point (265696.42228898 6710604.3661317)
127,Paimio Disc Golf Park,Opastaulu,Paimio,Paimion frisbeegolfpuistossa on täysimittainen 18 -väyläinen rata sekä 6 väyläinen multigolfrata,,,,,information-board,Kunta,Kunta / tekninen toimi,,264803.248570586,6709828.12431544,Point (264803.24857059 6709828.12431544)
128,Spurilan muinaisjäännösalue,Nahtavyys,Paimio,,,,,,historical-structure,Kunta,Yksityinen / yhdistys,,263578.314127463,6710833.24520898,Point (263578.31412746 6710833.24520898)
130,Kaupungintalo ja kirjasto,Infopiste,Paimio,Kaupungin matkailuneuvonta muulloin kuin kesäaikaan,,www.paimio.fi / https://visitpaimio.fi/,Opastuspiste,207.0,,Kunta,Kunta / muu,,263146.863503707,6709912.83506323,Point (263146.86350371 6709912.83506323)
131,Paimion matkailuneuvonta kesäaikaan,Infopiste,Paimio,,,www.paimio.fi / https://visitpaimio.fi/,Opastuspiste,207.0,,Kunta,Kunta / muu,,263200.629152402,6709554.71762843,Point (263200.6291524 6709554.71762843)
132,Käsityömuseo Miila,Nahtavyys,Paimio,Katso lisätietoja kaupungin verkkosivuilta,,https://www.paimio.fi/kulttuuri-ja-vapaa-aika/museot/kasityomuseo-miila/,,,building,Säätiö,Yksityinen / säätiö,,263152.801264069,6709518.57733855,Point (263152.80126407 6709518.57733855)
133,Paimion sähkömuseo,Nahtavyys,Paimio,Sähkötekniikan erikoismuseo Paimion Sähkömuseo sijaitsee Paimion keskustassa.,,https://www.paimio.fi/kulttuuri-ja-vapaa-aika/museot/paimion-sahkomuseo/,,,building,Kunta,Kunta / muu,,263200.838226072,6709572.10765676,Point (263200.83822607 6709572.10765676)
134,"Paimion kirkko, eli Pyhän Mikaelin kirkko",Nahtavyys,Paimio,,,https://www.paimionseurakunta.fi/kirkot-ja-tilat/paimion-kirkko,,,building,Muu,Muu,,263150.580325933,6709818.6977241,Point (263150.58032593 6709818.6977241)
135,Räpälän vanhan kirkon paikka,Nahtavyys,Paimio,,,,,,building,Muu,Muu,,262248.966581459,6710449.01320297,Point (262248.96658146 6710449.01320297)
136,Pyhän Jaakobin kirkko,Nahtavyys,Paimio,,,,,,building,Muu,Muu,,260019.565899436,6706396.4684604,Point (260019.56589944 6706396.4684604)
137,Näkymä Paimionjokilaaksoon,Nakoala,Paimio,,,,,,viewpoint,Muu,Yksityinen / yhdistys,,262819.487765154,6711947.61805062,Point (262819.48776515 6711947.61805062)
138,Rekottilan linnavuori,Nakoala,Paimio,Näkymä Kevolan peltoaukealle,,,,,viewpoint,Muu,Yksityinen / yhdistys,,265928.283570338,6706632.95857528,Point (265928.28357034 6706632.95857528)
139,Askalan pysäköintialue,Pysakointialue,Paimio,,,,,,parking-spot,Muu,Yksityinen / yhdistys,,263526.546090176,6715358.88376285,Point (263526.54609018 6715358.88376285)
140,,Pysakointialue,Kaarina,HUOM! P-paikat on varattu vain koulun henkilökunnan käyttöön arkisin klo 7-15.,,,,,parking-spot,Kunta,Kunta / muu,Auranlaakso koulu,245421.339979275,6712608.41942186,Point (245421.33997928 6712608.41942186)
141,Muikunvuori,Nakoala,Kaarina,,,,,,viewpoint,Kunta,,,244960.420023933,6712413.47395709,Point (244960.42002393 6712413.47395709)
142,Hovirinnan uimarannan pysäköintialue,Pysakointialue,Kaarina,,,,,,parking-spot,Kunta,Kunta / muu,,245390.309064287,6704469.21136136,Point (245390.30906429 6704469.21136136)
143,Liikenne- ja leikkipuisto,Aktiviteetti,Kaarina,,,,Liikuntapuisto,1110.0,,Kunta,Kunta / muu,Hovirinnan rantapuisto,245313.182512017,6704750.97661256,Point (245313.18251202 6704750.97661256)
145,Oleskelulaituri,Rantautuminen,Kaarina,,,,Rantautumispaikka,205.0,,Kunta,Kunta / muu,Rauhalinnan luontopolku,246589.758748583,6704909.48378697,Point (246589.75874858 6704909.48378697)
146,Mökkigalleria,Nahtavyys,Kaarina,,,https://mokkigalleria.fi/,,,building,Muu,Muu,,246545.968819876,6705533.50148605,Point (246545.96881988 6705533.50148605)
148,Voivalan uimarannan pysäköintialue,Pysakointialue,Kaarina,,,,,,parking-spot,Kunta,Kunta / muu,,247632.006660487,6705243.49420093,Point (247632.00666049 6705243.49420093)
149,Karpanmäen luonnonsuojelualue,Luonnonnahtavyys,Kaarina,Karpanmäen lehto,,,,,natural-attraction,Valtio,Muu,,248048.106944822,6705479.79438322,Point (248048.10694482 6705479.79438322)
150,Tuorlan kartano,Nahtavyys,Kaarina,Ammattiopisto Livia,,,,,building,Muu,Muu,"Ammattiopisto Livia, Tuorla",248887.985027297,6706422.13482976,Point (248887.9850273 6706422.13482976)
151,Tuorlan pysäköintialue,Pysakointialue,Kaarina,,,,,,parking-spot,Muu,,,248942.962200518,6706433.71446207,Point (248942.96220052 6706433.71446207)
152,Ammattiopisto Livia,Opastaulu,Kaarina,Tuorlan alueen opastaulu,,,,,information-board,Muu,,,248952.656323664,6706458.31019259,Point (248952.65632366 6706458.31019259)
153,Avaruuspuisto Väisälä,Nahtavyys,Kaarina,,,https://www.avaruuspuisto.fi/,,,building,Muu,Yksityinen / yhdistys,,249268.73315396,6706369.17049483,Point (249268.73315396 6706369.17049483)
154,Tuorlan luonnonsuojelualueet,Luonnonnahtavyys,Kaarina,Tuorlan lehtometsä,,,,,natural-attraction,Muu,,,249336.799312594,6706329.83419502,Point (249336.79931259 6706329.83419502)
155,Kuninkaantie/ Suuri rantatie,Opastaulu,Kaarina,Luonto- ja historiaopastaulu,,,,,information-board,Kunta,Kunta / muu,,249467.9110678,6706510.92572011,Point (249467.9110678 6706510.92572011)
157,Raadelman uimarannan pysäköintialue,Pysakointialue,Kaarina,,,,,,parking-spot,Kunta,Kunta / muu,,250362.353887228,6706035.55593366,Point (250362.35388723 6706035.55593366)
158,,Opastaulu,Kaarina,Opastaulu rautakautinen Hadvala,,,,,information-board,Kunta,Kunta / muu,,252631.788613856,6707142.35010724,Point (252631.78861386 6707142.35010724)
159,Piikkiön kirkko,Nahtavyys,Kaarina,Piikkiön kirkko,,,,,building,Muu,Muu,,253398.564792155,6707234.64259667,Point (253398.56479215 6707234.64259667)
160,Kaarinan perintömetsän luontopolku,Opastaulu,Kaarina,Luontopolun infotaulu,,,,,information-board,Kunta,Kunta / muu,,244546.626906029,6707549.3467647,Point (244546.62690603 6707549.3467647)
161,Kaarinan perintömetsän luontopolku,Pysakointialue,Kaarina,,,,,,parking-spot,Kunta,Kunta / muu,,244778.9861854,6706817.36494586,Point (244778.9861854 6706817.36494586)
164,Ristikallion uimaranta,Vesillelasku,Kaarina,Reitti: Littoistenjärven melontareitti,,,,,boat-ramp,Kunta,Kunta / muu,,246875.959551431,6710072.13815024,Point (246875.95955143 6710072.13815024)
165,Littoisten uimaranta,Rantautuminen,Kaarina,Reitti: Littoistenjärven melontareitti,,,Rantautumispaikka,205.0,,Kunta,Kunta / muu,,245813.694608125,6711351.4775925,Point (245813.69460812 6711351.4775925)
166,Hovirinnan uimaranta,Vesillelasku,Kaarina,,,,,,boat-ramp,Kunta,Kunta / muu,,245490.761581168,6704418.33500158,Point (245490.76158117 6704418.33500158)
167,Kuuslahden uimapaikka,Rantautuminen,Kaarina,,,,Rantautumispaikka,205.0,,Kunta,Kunta / muu,,243093.66732178,6703556.18040673,Point (243093.66732178 6703556.18040673)
168,Villa Wolax,Rantautuminen,Kaarina,,,,Rantautumispaikka,205.0,,Muu,,,242277.226918566,6701629.66531622,Point (242277.22691857 6701629.66531622)
169,Kavalton tila,Rantautuminen,Kaarina,,,,Rantautumispaikka,205.0,,Muu,,,252250.614391751,6705722.96193987,Point (252250.61439175 6705722.96193987)
170,Kuusiston linnanrauniot,Rantautuminen,Kaarina,,,,Rantautumispaikka,205.0,,Valtio,Muu,,250804.386752205,6705484.15794369,Point (250804.38675221 6705484.15794369)
171,Raadelman uimaranta,Rantautuminen,Kaarina,,,,Rantautumispaikka,205.0,,Kunta,Kunta / muu,,250139.886182118,6705960.07192293,Point (250139.88618212 6705960.07192293)
172,Voivalan uimaranta,Rantautuminen,Kaarina,,,,Rantautumispaikka,205.0,,Kunta,Kunta / muu,,247496.8932304,6705207.5300367,Point (247496.8932304 6705207.5300367)
173,Harvaluodon silta,Vesillelasku,Kaarina,,,,,,boat-ramp,Valtio,,,251995.362281649,6702478.56945759,Point (251995.36228165 6702478.56945759)
174,Toivonlinna,Rantautuminen,Kaarina,,,,Rantautumispaikka,205.0,,Muu,,,253802.533188824,6702368.0353506,Point (253802.53318882 6702368.0353506)
175,Harvaluodon virkistysalue,Rantautuminen,Kaarina,,,,Rantautumispaikka,205.0,,Kunta,Kunta / muu,,252823.587202283,6701059.35596947,Point (252823.58720228 6701059.35596947)
176,Littoistenjärven uimarannan pysäköintialue,Pysakointialue,Kaarina,,,,,,parking-spot,Kunta,Kunta / muu,,245726.141161434,6711390.24629442,Point (245726.14116143 6711390.24629442)
177,Ristikallion uimaranta,Pysakointialue,Kaarina,,,,,,parking-spot,Kunta,,,246886.220020991,6710022.98504603,Point (246886.22002099 6710022.98504603)
178,Harvaluodon virkistysalue,Pysakointialue,Kaarina,,,,,,parking-spot,Kunta,Kunta / muu,,252736.745139746,6701103.03084543,Point (252736.74513975 6701103.03084543)
179,Halistenkoski,Rantautuminen,,,,,Rantautumispaikka,205.0,,Muu,,,242053.147293634,6712409.39795051,Point (242053.14729363 6712409.39795051)
180,Oleskelulaituri,Rantautuminen,Kaarina,,,,Rantautumispaikka,205.0,,Kunta,Kunta / muu,Jukolanranta,246323.126825704,6704473.46219963,Point (246323.1268257 6704473.46219963)
181,"Aurajoen melontakeskus, Myllärintalo",Pysakointialue,,,,,,,parking-spot,Kunta,,,241977.024698013,6712421.12724588,Point (241977.02469801 6712421.12724588)
182,Maantie 110 levähdysalue,Pysakointialue,Paimio,,,,,,parking-spot,Valtio,,,260708.818858581,6706282.37704509,Point (260708.81885858 6706282.37704509)
183,Sarapiston pysäköintialue,Pysakointialue,Sauvo,,,,,,parking-spot,Muu,,,264457.268437493,6687191.00148592,Point (264457.26843749 6687191.00148592)
184,Karunan kalliorannan pysäköintialue,Pysakointialue,Sauvo,,,,,,parking-spot,Kunta,,,255857.278305882,6690359.94830921,Point (255857.27830588 6690359.94830921)
185,Marjaniemen leirikeskus,Rantautuminen,Sauvo,,,,Rantautumispaikka,205.0,,Kunta,,,271675.907938341,6691677.42210344,Point (271675.90793834 6691677.42210344)
186,Sarapisto,Rantautuminen,Sauvo,,,,Rantautumispaikka,205.0,,Muu,,,264568.664254753,6686984.47893139,Point (264568.66425475 6686984.47893139)
187,Karunan Kallioranta,Rantautuminen,Sauvo,,,,Rantautumispaikka,205.0,,Kunta,,,255690.439752525,6690327.28164703,Point (255690.43975252 6690327.28164703)
188,Nautelankoski,Nahtavyys,Lieto,Reitti: Kuuden kunnanosan kierros / Nautelankosken luonnonsuojelualueen polut / Ankka-Nautela luontopolku,,,,,natural-attraction,Muu,,Nautelankoski,250963.855874624,6722371.31654109,Point (250963.85587462 6722371.31654109)
189,"Halistenkoski, Aurajoen opastuskeskus",Nahtavyys,,,,,,,building,Kunta,,,242064.945317751,6712396.58048775,Point (242064.94531775 6712396.58048775)
190,Kirveskallio,Nakoala,Sauvo,,,,,,viewpoint,Kunta,,,262477.805425086,6698423.26863886,Point (262477.80542509 6698423.26863886)
191,Sauvon Kädet ry kesänäyttely,Nahtavyys,Sauvo,,,,,,building,Muu,,,255785.880646019,6690785.7830703,Point (255785.88064602 6690785.7830703)
192,Timperin kuppikallio,Nahtavyys,Sauvo,Rautakautinen asuinpaikka ja kuppikallio. Eväspöytä ja penkit,,,,,historical-structure,Kunta,,,261892.831548073,6697443.41289846,Point (261892.83154807 6697443.41289846)
193,Rautakautinen asuinpaikka,Nahtavyys,Sauvo,Ei opastaulua,,,,,historical-structure,Muu,,,263213.187158263,6697153.86552717,Point (263213.18715826 6697153.86552717)
194,Sauvon kirkko,Nahtavyys,Sauvo,,,,,,building,Muu,,,262697.314850256,6697309.37369247,Point (262697.31485026 6697309.37369247)
195,Sauvon tori,Nahtavyys,Sauvo,,,,,,building,Kunta,,,262469.471139689,6697417.7653606,Point (262469.47113969 6697417.7653606)
196,Sauvon kirjasto,Nahtavyys,Sauvo,,,,,,building,Kunta,,,262529.19716091,6697523.94495388,Point (262529.19716091 6697523.94495388)
197,1930 -luvun funkkistalo,Nahtavyys,Sauvo,,,,,,building,Muu,,,262493.803963146,6697448.73440865,Point (262493.80396315 6697448.73440865)
198,Huttalan linnavuori,Nahtavyys,Kaarina,Muinaisjäännösalue,,,,,historical-structure,Kunta,Kunta / muu,,255184.381586365,6706785.76519961,Point (255184.38158637 6706785.76519961)
199,Pronssikautinen hautaröykkiö,Nahtavyys,Kaarina,Muinaisjäännösalue,,,,,historical-structure,Kunta,Kunta / muu,,255903.078360012,6706736.27201732,Point (255903.07836001 6706736.27201732)
200,Pohtionvuoren pronssikautinen hautaröykkiö,Nahtavyys,Kaarina,muinaisjäännösalue,,,,,historical-structure,Muu,Muu,,255790.150253961,6707302.30672169,Point (255790.15025396 6707302.30672169)
201,Muinaisranta,Luonnonnahtavyys,Kaarina,,,,,,natural-attraction,Muu,Muu,,255908.6550566,6707169.86017756,Point (255908.6550566 6707169.86017756)
202,Kuusiston piispanlinnan rauniot,Nahtavyys,Kaarina,"Ylläpitäjä Metsähallitus, https://www.luontoon.fi/kuusisto",,https://tammireitit.fi/kuusistonlinnanrauniot,,,historical-structure,Valtio,Muu,,250835.661503351,6705394.47687018,Point (250835.66150335 6705394.47687018)
203,Hiirmetsän näköalapaikka,Nakoala,Sauvo,,,,,,viewpoint,Muu,,,262514.873099055,6696505.89340732,Point (262514.87309906 6696505.89340732)
204,Haarakallion näköalapaikka,Nakoala,Sauvo,,,,,,viewpoint,Muu,,,262477.893530252,6696493.49032214,Point (262477.89353025 6696493.49032214)
205,Rantakallion muinaisranta,Nahtavyys,Sauvo,,,,,,natural-attraction,Muu,,,256584.149907142,6688020.87905788,Point (256584.14990714 6688020.87905788)
206,Näköala Maalunlahdelle,Nakoala,Sauvo,,,,,,viewpoint,Muu,,,256327.525742906,6688068.73701509,Point (256327.52574291 6688068.73701509)
207,Haaviston myllypato,Nahtavyys,Sauvo,,,,,,building,Muu,,,263863.811369885,6697557.07616435,Point (263863.81136989 6697557.07616435)
208,Rautakautinen hautaröykkiö,Nahtavyys,Sauvo,,,,,,historical-structure,Muu,,,263484.11727048,6697251.85110121,Point (263484.11727048 6697251.85110121)
209,Näköala Vähäjokilaaksoon,Nakoala,Paimio,,,,,,viewpoint,Kunta,,,263233.068608843,6710547.70791155,Point (263233.06860884 6710547.70791155)
210,Vaarniemen rälssitila,Nahtavyys,Kaarina,,,,,,building,Muu,,,240365.555409774,6705509.52194786,Point (240365.55540977 6705509.52194786)
211,Pronssikautinen hautaröykkiö,Nahtavyys,Kaarina,,,,,,historical-structure,,,,240990.110395595,6705285.25507352,Point (240990.11039559 6705285.25507352)
212,Ala-Lemun kartano,Nahtavyys,Kaarina,,,,,,building,Muu,,,241413.996008214,6703859.02586605,Point (241413.99600821 6703859.02586605)
213,Lemun taistelun muistomerkki,Nahtavyys,Kaarina,,,,,,historical-structure,Kunta,Kunta / muu,,242023.48538374,6704250.16039927,Point (242023.48538374 6704250.16039927)
214,Yli-Lemun kartano,Nahtavyys,Kaarina,Huom! yksityisomistuksessa,,,,,building,Muu,,,242132.713102272,6704367.59361252,Point (242132.71310227 6704367.59361252)
215,Rauvolantie,Opastaulu,Kaarina,Tammireittien infotaulu,,,,,information-board,Kunta,Kunta / muu,,240879.303570221,6705682.61257101,Point (240879.30357022 6705682.61257101)
217,Kasarminmäki,Opastaulu,Kaarina,Tammireittien infotaulu,,,,,information-board,Kunta,Kunta / muu,,241771.88604103,6704401.79487821,Point (241771.88604103 6704401.79487821)
218,Nunnan luontopolku,Opastaulu,Kaarina,Tammireittien infotaulu,,,,,information-board,Kunta,Kunta / muu,,249001.26076663,6709959.11668055,Point (249001.26076663 6709959.11668055)
219,Pontelan yhdysreitti,Opastaulu,Kaarina,Tammireittien infotaulu,,,,,information-board,Kunta,Kunta / muu,,253720.48666894,6706740.69595704,Point (253720.48666894 6706740.69595704)
220,,Opastaulu,Kaarina,Tammireittien infotaulu,,,,,information-board,Kunta,Kunta / muu,,246360.67157311,6703955.77960199,Point (246360.67157311 6703955.77960199)
221,Vähäsillan paja,Opastaulu,Kaarina,,,,,,information-board,Kunta,,,262653.162061537,6710495.29449881,Point (262653.16206154 6710495.29449881)
222,Tiilitehdas,Opastaulu,Kaarina,,,,,,information-board,Kunta,,,263090.38947741,6710631.22389233,Point (263090.38947741 6710631.22389233)
223,Kohiseva ja Vähäjoen luontoa,Opastaulu,Kaarina,,,,,,information-board,Kunta,,,263558.732633119,6710132.10204837,Point (263558.73263312 6710132.10204837)
224,Oinilan jokipolku,Opastaulu,Paimio,,,,,,information-board,Muu,,,262822.780908916,6711949.1703603,Point (262822.78090892 6711949.1703603)
225,"Kuusiston koulupolku, Empon koulu",Opastaulu,Kaarina,Tammireittien infotaulu,,,,,information-board,Kunta,Kunta / muu,,245900.992813947,6703782.44181615,Point (245900.99281395 6703782.44181615)
226,"Kuusiston koulupolku, Kuusiston koulu",Opastaulu,Kaarina,Tammireittien infotaulu,,,,,information-board,Kunta,Kunta / muu,,246664.091430602,6703161.07706398,Point (246664.0914306 6703161.07706398)
227,Tuorla,Opastaulu,Kaarina,Tammireittien infotaulu,,,,,information-board,Kunta,Kunta / muu,,248954.453814778,6706452.92046019,Point (248954.45381478 6706452.92046019)
228,Hovirinnan rantapuisto,Opastaulu,Kaarina,Tammireittien infotaulu,,,,,information-board,Kunta,Kunta / muu,,245385.020166944,6704555.64569836,Point (245385.02016694 6704555.64569836)
229,Kuusiston linnanrauniot ja kappelinmäen luontopolku,Opastaulu,Kaarina,Tammireittien infotaulu,,,,,information-board,Kunta,Kunta / muu,,250095.054422503,6704963.55175571,Point (250095.0544225 6704963.55175571)
230,Peimari-Areena,Opastaulu,Sauvo,,,,,,information-board,Kunta,,,262372.812769919,6698214.1452887,Point (262372.81276992 6698214.1452887)
231,Kuusiston linnanrauniot,Opastaulu,Kaarina,,,,,,information-board,Valtio,Muu,,250809.309932454,6705325.52578476,Point (250809.30993245 6705325.52578476)
232,Sauvon keskusta,Opastaulu,Sauvo,,,,,,information-board,Valtio,,,261985.587482095,6697362.49942276,Point (261985.58748209 6697362.49942276)
233,Rantola,Opastaulu,Sauvo,,,,,,information-board,Muu,,,255722.813675277,6690793.61990087,Point (255722.81367528 6690793.61990087)
234,,Opastaulu,Sauvo,,,,,,information-board,Kunta,,Sauvon tori,262474.67146527,6697409.05006145,Point (262474.67146527 6697409.05006145)
235,Marjaniemi,Opastaulu,Sauvo,,,,,,information-board,Kunta,,,271582.072180415,6691766.74991932,Point (271582.07218042 6691766.74991932)
236,Sarapisto,Opastaulu,Sauvo,,,,,,information-board,Muu,,,264568.845652808,6687052.43978234,Point (264568.84565281 6687052.43978234)
237,Karunan Kallioranta,Opastaulu,Sauvo,,,,,,information-board,Kunta,,,255834.410518941,6690347.9705069,Point (255834.41051894 6690347.9705069)
238,Hiirmetsän tonttupolku,Opastaulu,Sauvo,,,,,,information-board,Muu,,,262625.161264182,6696504.54436938,Point (262625.16126418 6696504.54436938)
239,Maalun pirunpellonpolku,Opastaulu,Sauvo,,,,,,information-board,Muu,,,256980.946704028,6688161.60187343,Point (256980.94670403 6688161.60187343)
240,Littoistenjärven uimaranta,Opastaulu,Kaarina,Tammireittien infotaulu,,,,,information-board,Kunta,Kunta / muu,,245908.48810925,6711453.03517543,Point (245908.48810925 6711453.03517543)
241,Piikkiön kehityksen pysäköintipaikka,Opastaulu,Kaarina,Tammireittien infotaulu,,,,,information-board,Kunta,Kunta / muu,,254614.666652782,6707051.27932684,Point (254614.66665278 6707051.27932684)
242,Piikkiön linnavuoren reitistö,Opastaulu,Kaarina,Tammireittien infotaulu,,,,,information-board,Kunta,Kunta / muu,,255621.651681185,6706694.39109684,Point (255621.65168118 6706694.39109684)
244,Sauvon kotiseutumuseo,Nahtavyys,Sauvo,"Museo, puot",,,,,building,Kunta,,,261944.763902309,6697840.25447332,Point (261944.76390231 6697840.25447332)
246,Karunan kirkko,Nahtavyys,Sauvo,,,,,,building,Muu,,,253644.895853234,6689700.5928378,Point (253644.89585323 6689700.5928378)
247,Hännilän tila,Tilamyynti,Sauvo,,"suoramyynti, majoituspalvelu, hevostila",http://www.hannilantila.fi/,,,building,Muu,,,254599.391143923,6692053.97519713,Point (254599.39114392 6692053.97519713)
250,Villa Volax,Majoitus,Kaarina,"Ravintola, majoitus, ohjelmat",,https://www.villawolax.fi/,,,accommodation-rental,Muu,,,242201.467829342,6701755.66968188,Point (242201.46782934 6701755.66968188)
251,Kavalton tila,Majoitus,Kaarina,"Majoitus, saunat, kokous, juhlat, pitopalvelut",,https://www.kavaltontila.com/,,,accommodation-rental,Muu,,,252856.005609102,6705573.09729633,Point (252856.0056091 6705573.09729633)
253,Salmensuun tila,Tilamyynti,Sauvo,Hereford lihapuoti,suoramyynti: herefordin liha,https://www.salmensuu.com/,,,building,Muu,,,259047.978475225,6694575.56448367,Point (259047.97847522 6694575.56448367)
254,Wanha liesniemi,Tilamyynti,Sauvo,"Luomutila, tilapuoti",suoramyynti: luomuvihannekset ja -marjat,,,,building,Muu,,,261727.75615922,6693720.86966009,Point (261727.75615922 6693720.86966009)
255,Kuusiston taidekartano,Nahtavyys,Kaarina,,,https://kuusistontaidekartano.fi/kotisivu/fi/,,,building,Valtio,Muu,,250354.71158635,6704988.42587306,Point (250354.71158635 6704988.42587306)
256,Puuhaus,Tilamyynti,Sauvo,Paikallisia käsitöitä,,,,,building,Muu,,,261829.876156684,6697364.20486772,Point (261829.87615668 6697364.20486772)
258,Kuusiston linnanrauniot,Pysakointi_liikeste,Kaarina,Pysäköinti vain liikuntaesteisille,,,,,parking-spot,Valtio,Muu,,250797.433720036,6705311.6934903,Point (250797.43372004 6705311.6934903)
259,Piikkiön linnavuoren reitistö,Pysakointialue,Kaarina,,,,,,parking-spot,Kunta,Kunta / muu,,255622.500812584,6706684.68757383,Point (255622.50081258 6706684.68757383)
260,Piikkiön kehityksen pysäköintialue,Pysakointialue,Kaarina,,,,,,parking-spot,Muu,Muu,,254619.043969072,6707068.08546471,Point (254619.04396907 6707068.08546471)
261,Kuusiston linnanrauniot ja Kappelinmäen luontopolku,Pysakointialue,Kaarina,,,,,,parking-spot,Valtio,Muu,,250073.172900005,6704949.9569,Point (250073.1729 6704949.9569)
262,Nunnan pysäköintialue,Pysakointialue,Kaarina,,,,,,parking-spot,Kunta,Kunta / muu,,248985.057552946,6709936.89063906,Point (248985.05755295 6709936.89063906)
263,Hiirmetsän tonttupolku,Pysakointialue,Sauvo,,,,,,parking-spot,Muu,,,262624.276596564,6696511.87480406,Point (262624.27659656 6696511.87480406)
264,Maalun pysäköintialue,Pysakointialue,Sauvo,,,,,,parking-spot,Kunta,,,256985.117290512,6688171.25199415,Point (256985.11729051 6688171.25199415)
265,Sauvon kirkon pysäköintialue,Pysakointialue,Sauvo,,,,,,parking-spot,Muu,,,262633.717698039,6697313.79784219,Point (262633.71769804 6697313.79784219)
266,Sauvon kirkon pysäköintialue,Pysakointialue,Sauvo,,,,,,parking-spot,Muu,,,262774.460961005,6697270.66238242,Point (262774.460961 6697270.66238242)
267,Vähäjokipolun pysäköintialue,Pysakointialue,Paimio,,,,,,parking-spot,Kunta,,,263623.435693684,6710091.57573825,Point (263623.43569368 6710091.57573825)
268,Paimion urheilupuisto,Pysakointialue,Paimio,Paimion polun lähtöpisteen läheisyydessä,,,,,parking-spot,Kunta,,,263415.069944795,6709030.48812757,Point (263415.06994479 6709030.48812757)
269,Rauvola,Pysakointialue,Kaarina,,,,,,parking-spot,Kunta,Kunta / muu,,240834.681387931,6705689.87796075,Point (240834.68138793 6705689.87796075)
270,Kasarminmäki länsi,Pysakointialue,Kaarina,,,,,,parking-spot,Kunta,Kunta / muu,,241774.695626243,6704393.05841005,Point (241774.69562624 6704393.05841005)
271,Kasarminmäki itä,Pysakointialue,Kaarina,,,,,,parking-spot,Kunta,Kunta / muu,,242036.120877957,6704150.0600938,Point (242036.12087796 6704150.0600938)
272,Piispanlähteen yläkoulu,Pysakointialue,Kaarina,,,,,,parking-spot,Kunta,Kunta / muu,,242371.273492377,6705831.986938,Point (242371.27349238 6705831.986938)
273,Polttopuuvarasto,Polttopuuvarasto,Kaarina,,,,,,woodshed,Kunta,,,240448.36880765,6705314.87507251,Point (240448.36880765 6705314.87507251)
274,Laavu,Tulipaikka,Kaarina,,,,,,fire-pit,Kunta,,,240545.976592762,6705105.87007867,Point (240545.97659276 6705105.87007867)
275,Taukopaikka,Taukopaikka,Kaarina,,,,,,rest-area,Kunta,,,240734.012775592,6705196.97246699,Point (240734.01277559 6705196.97246699)
277,Taukopaikka,Taukopaikka,Kaarina,,,,,,rest-area,Kunta,Kunta / muu,,240785.829541888,6703903.40518447,Point (240785.82954189 6703903.40518447)
278,,Tulipaikka,Kaarina,,,,,,fire-pit,Kunta,Kunta / muu,,242345.326736915,6705166.16567945,Point (242345.32673691 6705166.16567945)
279,Polttopuuvarasto,Polttopuuvarasto,Kaarina,,,,,,woodshed,Kunta,Kunta / muu,,242157.108935363,6705279.65829296,Point (242157.10893536 6705279.65829296)
280,,Kuivakaymala,Kaarina,,,,,,dry-toilet,Kunta,,,240549.882267688,6705123.11168246,Point (240549.88226769 6705123.11168246)
281,Alanteen tilamyynti,Tilamyynti,Paimio,,,https://alanteentila.fi/,,,building,Muu,,,264059.879158977,6718805.74388937,Point (264059.87915898 6718805.74388937)
282,Kamparsin luomutila,Tilamyynti,Sauvo,suoramyynti: vihannekset,suoramyynti: vihannekset,,,,building,Muu,,,255640.075391093,6690893.06000963,Point (255640.07539109 6690893.06000963)
285,Alholan tilapuoti,Tilamyynti,Sauvo,suoramyynti: vihanneksia ja marjoja,suoramyynti: vihanneksia ja marjoja,,,,building,Muu,,,265230.481143308,6689058.01598292,Point (265230.48114331 6689058.01598292)
286,Kankaanrannan puutarha,Tilamyynti,Sauvo,,"kukkakauppa, marjoja, vihanneksi",,,,building,Muu,,,261884.229874071,6697666.47358969,Point (261884.22987407 6697666.47358969)
287,Niemelän tila,Tilamyynti,Sauvo,suoramyynti,suoramyynti: marjoja ja kasviksia,,,,building,Muu,,,269487.922156537,6693580.02224126,Point (269487.92215654 6693580.02224126)
288,Salmin puutarha,Tilamyynti,Sauvo,suoramyynti: kukat ja taimet,suoramyynti: kukat ja taimet,,,,building,Muu,,,263647.4513807,6694891.62468587,Point (263647.4513807 6694891.62468587)
289,Sauvon RajaPuoti,Tilamyynti,Sauvo,"sauvolaisia vihanneksi ja marjoja, savulohta","sauvolaisia vihanneksi ja marjoja, savulohta",,,,building,Muu,,,261430.787201243,6700508.77138333,Point (261430.78720124 6700508.77138333)
290,Uotkullan tila,Tilamyynti,Sauvo,mansikan suoramyynti,mansikan suoramyynti,,,,building,Muu,,,259258.156433424,6694768.82396025,Point (259258.15643342 6694768.82396025)
291,Peuravaaran puutarha,Tilamyynti,Sauvo,suoramyynti: puutarhakasvikset,suoramyynti,,,,building,Muu,,,262513.20382764,6694406.92935853,Point (262513.20382764 6694406.92935853)
292,Portaat,Portaat,Kaarina,Maastoportaat,,,,,stairs,Kunta,,,240461.752354507,6705302.11317357,Point (240461.75235451 6705302.11317357)
293,,Laavu,Kaarina,,,,"Laavu, kota tai kammi",301.0,,Kunta,Kunta / muu,,240536.531745064,6705105.43407191,Point (240536.53174506 6705105.43407191)
294,,Opastaulu,Kaarina,Luontotaulu,,,,,information-board,Kunta,Kunta / muu,,242121.593662871,6704582.50970729,Point (242121.59366287 6704582.50970729)
295,,Vesillelasku,Kaarina,,,,,,boat-ramp,Kunta,Kunta / muu,Kuuslahden uimapaikka,243107.067512028,6703576.79286315,Point (243107.06751203 6703576.79286315)
296,Kuuslahden uimapaikka,Pysakointialue,Kaarina,,,,,,parking-spot,Kunta,Kunta / muu,,243081.335891583,6703475.28280084,Point (243081.33589158 6703475.28280084)
299,Harvaluodon virkistysalue,Tulipaikka,Kaarina,Grillikatos,,,,,fire-pit,Kunta,Kunta / muu,,252752.411991268,6701111.9869082,Point (252752.41199127 6701111.9869082)
300,Kuusiston Piispanlinnan vierailukeskus,Nahtavyys,Kaarina,,,http://ohjelmapalvelucastrum.net/,,,building,Valtio,Muu,,250797.044907178,6705333.82187587,Point (250797.04490718 6705333.82187587)
301,,Kuivakaymala,Kaarina,"Esteetön sähköwc, avoinna kesäkaudella",,https://www.luontoon.fi/kuusisto,,,dry-toilet,Valtio,Muu,,250759.195031235,6705357.82231696,Point (250759.19503123 6705357.82231696)
303,,Vesillelasku,Kaarina,,,,,,boat-ramp,Kunta,Kunta / muu,Raadelman uimaranta,250144.608872904,6705958.29528332,Point (250144.6088729 6705958.29528332)
304,Hovirinnan uimaranta,Rantautuminen,Kaarina,,,,Rantautumispaikka,205.0,,Kunta,Kunta / muu,,245502.20369988,6704420.7282279,Point (245502.20369988 6704420.7282279)
305,Kuuslahden uimapaikka,Tulipaikka,Kaarina,Grillikatos,,,,,fire-pit,Kunta,Kunta / muu,,243117.862612379,6703598.34225788,Point (243117.86261238 6703598.34225788)
306,Kuusiston kirkko,Nahtavyys,Kaarina,,,,,,building,Muu,Muu,,247139.141616164,6702732.68263283,Point (247139.14161616 6702732.68263283)
308,Ristikallion uimaranta,Rantautuminen,Kaarina,Reitti: Littoistenjärven melontareitti,,,Rantautumispaikka,205.0,,Kunta,Kunta / muu,,246865.556988919,6710062.2978475,Point (246865.55698892 6710062.2978475)
309,,Vesillelasku,Kaarina,Reitti: Littoistenjärven melontareitti,,,,,boat-ramp,Kunta,Kunta / muu,Littoistenjärven uimaranta,245822.885731846,6711365.73018103,Point (245822.88573185 6711365.73018103)
312,,Laavu,Kaarina,Reitti: Nunnan luontopolku,,,"Laavu, kota tai kammi",301.0,,Kunta,Kunta / muu,,248892.983684581,6710196.03582448,Point (248892.98368458 6710196.03582448)
314,,Kuivakaymala,Kaarina,,,,,,dry-toilet,Kunta,Kunta / muu,,248902.216641149,6710194.07731855,Point (248902.21664115 6710194.07731855)
315,,Tulipaikka,Kaarina,grillikatos,,,,,fire-pit,Kunta,Kunta / muu,,248968.526056519,6709957.37788648,Point (248968.52605652 6709957.37788648)
316,,Polttopuuvarasto,Kaarina,Reitti: Piikkiön linnavuoren reitistö,,,,,woodshed,Kunta,Kunta / muu,,254630.566726279,6707052.49389904,Point (254630.56672628 6707052.49389904)
317,,Kierratys,Kaarina,,,,,,recycling-point,Kunta,Kunta / muu,,254598.671058132,6707050.25560653,Point (254598.67105813 6707050.25560653)
318,,Laavu,Kaarina,,,,"Laavu, kota tai kammi",301.0,,Kunta,Kunta / muu,,255398.860627512,6706832.30187417,Point (255398.86062751 6706832.30187417)
319,,Kuivakaymala,Kaarina,,,,,,dry-toilet,Kunta,Kunta / muu,,255401.378706576,6706851.60714701,Point (255401.37870658 6706851.60714701)
320,,Nahtavyys,Kaarina,muinaisjäännösalue,,,,,historical-structure,Kunta,Kunta / muu,Kolamäki,252713.189411957,6707163.56916444,Point (252713.18941196 6707163.56916444)
321,Huttalanmäen rautakautinen kalmisto,Nahtavyys,Kaarina,muinaisjäännösalue,,,,,historical-structure,Kunta,Kunta / muu,,254237.326712381,6707428.94671918,Point (254237.32671238 6707428.94671918)
322,Perinnemaisema kohde,Luonnonnahtavyys,Kaarina,Huttalanmäen kallioketo,,,,,natural-attraction,Kunta,Kunta / muu,,254129.049312611,6707444.61476669,Point (254129.04931261 6707444.61476669)
323,Perinnemaisemakohde,Luonnonnahtavyys,Kaarina,Hadvalan niityt,,,,,natural-attraction,Kunta,Kunta / muu,,252701.997949449,6707119.08310096,Point (252701.99794945 6707119.08310096)
324,Rauhalinnan luontopolku,Opastaulu,Kaarina,Luontopolun opastaulu,,,,,information-board,Kunta,Kunta / muu,,246226.45420998,6704779.93607922,Point (246226.45420998 6704779.93607922)
325,Rauhalinnan luontopolku,Uimaranta,Kaarina,Oleskelulaituri,,,Uimaranta,3220.0,,Kunta,Kunta / muu,,246593.394243708,6704891.65980105,Point (246593.39424371 6704891.65980105)
326,Rauhalinnan luontopolku,Opastaulu,Kaarina,Luontopolun opastaulu,,,,,information-board,Kunta,Kunta / muu,,246573.169752555,6705171.06516324,Point (246573.16975255 6705171.06516324)
327,Rauhalinnan luontopolku,Opastaulu,Kaarina,Luontopolun opastaulu,,,,,information-board,Kunta,Kunta / muu,,246242.067936302,6705267.47206405,Point (246242.0679363 6705267.47206405)
328,Rauhalinnan kartano,Nahtavyys,Kaarina,Huom! yksityisomistuksessa,,,,,building,Muu,Muu,,246429.50251231,6705013.07660802,Point (246429.50251231 6705013.07660802)
329,Rauhalinnan lehtometsä,Luonnonnahtavyys,Kaarina,Rauhalinnan lehto,,,,,natural-attraction,Kunta,Kunta / muu,,246240.321434473,6704992.01379601,Point (246240.32143447 6704992.01379601)
330,,Esteeton,Kaarina,Reitti: Tuorlan esteetön luontopolku,,https://tammireitit.fi/tuorlanesteeton,Kävelyreitti/ulkoilureitti,4403.0,,Kunta,Kunta / muu,,249204.34461408,6706321.0318258,Point (249204.34461408 6706321.0318258)
331,,Tulipaikka,Kaarina,Ylläpitäjä Ammattiopisto Livia,,,,,fire-pit,Muu,Muu,,249236.759687979,6706290.29339366,Point (249236.75968798 6706290.29339366)
332,,Esteeton,Kaarina,Helppokulkuinen osuus Reitti: Rauhalinnan luontopolku,,https://tammireitit.fi/rauhalinnanluontopolku,Kävelyreitti/ulkoilureitti,4403.0,,Kunta,Kunta / muu,,246383.674304387,6704910.13779038,Point (246383.67430439 6704910.13779038)
333,Kuusiston linnanrauniot,Esteeton,Kaarina,"Ylläpitäjä Metsähallitus, https://www.luontoon.fi/kuusisto",,https://tammireitit.fi/kuusistonesteeton,Kävelyreitti/ulkoilureitti,4403.0,,Valtio,Muu,,250802.88280573,6705382.11244394,Point (250802.88280573 6705382.11244394)
336,Vanhalinnan linnavuori,Portaat,Lieto,Reitti: Vanhalinnan kulttuuri- ja luontopolut,,,,,stairs,Säätiö,,Vanhalinna,246149.168109676,6714469.74521422,Point (246149.16810968 6714469.74521422)
337,,Rantautuminen,Lieto,Reitti: Aurajoen melontareitti,,,Rantautumispaikka,205.0,,,,Nautelankoski,250968.578367528,6722400.96662982,Point (250968.57836753 6722400.96662982)
338,,Rantautuminen,Lieto,Reitti: Aurajoen melontareitti,,,Rantautumispaikka,205.0,,,,Nautelankoski,251123.351967843,6721879.88379331,Point (251123.35196784 6721879.88379331)
339,,Ohituspolku,Lieto,Lakokosken ohitus (ei polkua) Reitti: Aurajoen melontareitti,,,Kävelyreitti/ulkoilureitti,4403.0,,,,Lakokoski,250932.823117794,6721318.33487972,Point (250932.82311779 6721318.33487972)
340,Nautelankosken ohituspolku,Ohituspolku,Lieto,Ohituspolun pituus 700 m Reitti: Aurajoen melontareitti,,,Kävelyreitti/ulkoilureitti,4403.0,,,,Nautelankoski,251021.864397384,6722143.20859542,Point (251021.86439738 6722143.20859542)
341,,Rantautuminen,Lieto,Reitti: Aurajoen melontareitti,,,Rantautumispaikka,205.0,,,,Vierunkoski,249171.076307752,6715868.36342192,Point (249171.07630775 6715868.36342192)
342,,Rantautuminen,Lieto,Reitti: Aurajoen melontareitti,,,Rantautumispaikka,205.0,,,,Vierunkoski,248964.467850012,6715818.38091878,Point (248964.46785001 6715818.38091878)
343,,Rantautuminen,Lieto,Reitti: Aurajoen melontareitti,,,Rantautumispaikka,205.0,,,,Vääntelänkoski,248160.179857,6715448.85698744,Point (248160.179857 6715448.85698744)
344,,Rantautuminen,Lieto,Reitti: Aurajoen melontareitti,,,Rantautumispaikka,205.0,,,,Vääntelänkoski,248142.385606365,6715328.19753452,Point (248142.38560636 6715328.19753452)
345,Vierunkosken ohituspolku,Ohituspolku,Lieto,Ohituspolun pituus 200 m Reitti: Aurajoen melontareitti,,,Kävelyreitti/ulkoilureitti,4403.0,,,,Vierunkoski,249059.102218508,6715850.23091771,Point (249059.10221851 6715850.23091771)
346,Vääntelänkosken ohituspolku,Ohituspolku,Lieto,Ohituspolun pituus 200 m Reitti: Aurajoen melontareitti,,,Kävelyreitti/ulkoilureitti,4403.0,,,,Vääntelänkoski,248178.620485555,6715388.0901922,Point (248178.62048555 6715388.0901922)
347,Kuninkaanlähde,Nahtavyys,Lieto,Reitti: Kuuden kunnanosan kierros,,,,,natural-attraction,,,Vanha Härkätie,245698.552337334,6713861.0432085,Point (245698.55233733 6713861.0432085)
